ID,NAME,xcoord,ycoord,address
1,Atlantis,18.491651000577,-33.5639050003842,"Atlantis Station, Reygersdal Avenue, Wesfleur, Cape Town Ward 29, Atlantis, City of Cape Town, Western Cape, 7349, South Africa"
2,Arion,18.4962009993589,-33.5590790000669,"Charel Uys Drive, Saxonsea, Cape Town Ward 32, Atlantis, City of Cape Town, Western Cape, 7349, South Africa"
3,Charel Uys North,18.493862000137,-33.5556980004651,"Charel Uys Drive, Saxonsea, Cape Town Ward 32, Atlantis, City of Cape Town, Western Cape, 7349, South Africa"
4,Montreal,18.4934880000225,-33.5521349993791,"Charel Uys Drive, Saxonsea, Cape Town Ward 32, Atlantis, City of Cape Town, Western Cape, 7349, South Africa"
5,Tsitsikamma,18.4944239998651,-33.5474980001081,"Charel Uys Drive, Saxonsea, Cape Town Ward 32, Atlantis, City of Cape Town, Western Cape, 7349, South Africa"
6,Silverstream,18.4826680004798,-33.5205069996256,"Silverstream Road, Mamre, Cape Town Ward 29, City of Cape Town, Western Cape, 7347, South Africa"
7,PM Louw,18.477772999369,-33.5171260004898,"39, Poiet Street, Mamre, Cape Town Ward 29, City of Cape Town, Western Cape, 7347, South Africa"
8,Enon,18.4748429996598,-33.5131880001413,"63, Main Road, Mamre, Cape Town Ward 29, City of Cape Town, Western Cape, 7347, South Africa"
9,Goedverwacht,18.4710100000646,-33.5130619996001,"26, Enon Street, Mamre, Cape Town Ward 29, City of Cape Town, Western Cape, 7347, South Africa"
10,Paradise,18.4664679994253,-33.512882999483,"70, Enon Street, Mamre, Cape Town Ward 29, City of Cape Town, Western Cape, 7347, South Africa"
11,Crown,18.4639100004657,-33.5140250001812,"Crown Lane, Mamre, Cape Town Ward 29, City of Cape Town, Western Cape, 7347, South Africa"
23,Clearwater,18.4974589996385,-33.55426499992,"Sherwood Road, Saxonsea, Cape Town Ward 32, Atlantis, City of Cape Town, Western Cape, 7349, South Africa"
24,Sampson,18.4974000003207,-33.5641069989651,"Sampson Road, Cape Town Ward 32, Atlantis, City of Cape Town, Western Cape, 7349, South Africa"
25,Carmel,18.4998950002397,-33.562582999891,"Antrim Street, Cape Town Ward 32, Atlantis, City of Cape Town, Western Cape, 7349, South Africa"
26,Caelian,18.5018470006163,-33.5595450000922,"Castlehill Circle, Cape Town Ward 32, Atlantis, City of Cape Town, Western Cape, 7349, South Africa"
27,Harrow,18.5049920006141,-33.5575749998093,"Castlehill Circle, Cape Town Ward 32, Atlantis, City of Cape Town, Western Cape, 7349, South Africa"
28,Malvern,18.5018630000251,-33.5553689996195,"Montreal Drive, Saxonsea, Cape Town Ward 32, Atlantis, City of Cape Town, Western Cape, 7349, South Africa"
29,Deerlodge,18.4977919995189,-33.5513450000838,"Montreal Drive, Saxonsea, Cape Town Ward 32, Atlantis, City of Cape Town, Western Cape, 7349, South Africa"
31,Frans,18.4808240002151,-33.5138870000444,"Frans Street, Mamre, Cape Town Ward 29, City of Cape Town, Western Cape, 7347, South Africa"
32,Boat Bay,18.3867629996159,-33.9160199996574,"La Rochelle, 265, Beach Road, Sea Point, Cape Town, City of Cape Town, Western Cape, 8005, South Africa"
33,Knysna,18.5016079996472,-33.5502520007733,"Knysna Road, Saxonsea, Cape Town Ward 32, Atlantis, City of Cape Town, Western Cape, 7349, South Africa"
34,Denne West,18.4740169997196,-33.5083969991448,"74, Frans Street, Mamre, Cape Town Ward 29, City of Cape Town, Western Cape, 7347, South Africa"
43,Johannes,18.4786830001499,-33.5137730005289,"16, Main Road, Mamre, Cape Town Ward 29, City of Cape Town, Western Cape, 7347, South Africa"
46,Wesfleur Park,18.4882319994596,-33.5587939996839,"Grosvenor Avenue, Cape Town Ward 29, Atlantis, City of Cape Town, Western Cape, 7349, South Africa"
47,Saxonsea Primary,18.4886039998457,-33.55505699994,"Grosvenor Avenue, Cape Town Ward 29, Atlantis, City of Cape Town, Western Cape, 7349, South Africa"
48,Saxonsea Clinic,18.4884319986989,-33.5501819994531,"Saxonsea Hall, 14, Hermes Avenue, Saxonsea, Atlantis, City of Cape Town, Western Cape, 7349, South Africa"
49,Hermes,18.4861859993547,-33.5474900005244,"Hermes Avenue, Cape Town Ward 29, Atlantis, City of Cape Town, Western Cape, 7349, South Africa"
50,Lisboa,18.4841389997194,-33.544660000155,"Kent Crescent, Cape Town Ward 29, Atlantis, City of Cape Town, Western Cape, 7349, South Africa"
53,Soxonsea Primary,18.4887400000398,-33.5554640006631,"Grosvenor Avenue, Cape Town Ward 29, Atlantis, City of Cape Town, Western Cape, 7349, South Africa"
55,Kehrweider,18.487336999874,-33.5481630001824,"Kent Crescent, Cape Town Ward 32, Atlantis, City of Cape Town, Western Cape, 7349, South Africa"
56,Magnet,18.4905139996166,-33.5464349999102,"Kent Crescent, Cape Town Ward 29, Atlantis, City of Cape Town, Western Cape, 7349, South Africa"
57,Mauritius,18.4878390007344,-33.5441380001639,"Kent Crescent, Cape Town Ward 29, Atlantis, City of Cape Town, Western Cape, 7349, South Africa"
60,Fernande,18.48856899949,-33.5552570004061,"Hoop Crescent, Cape Town Ward 29, Atlantis, City of Cape Town, Western Cape, 7349, South Africa"
61,Valleyfield,18.4836980007279,-33.5548870005185,"Valleyfield Road, Cape Town Ward 29, Atlantis, City of Cape Town, Western Cape, 7349, South Africa"
62,Goede Hoop,18.4848940000572,-33.5509049999405,"Hoop Crescent, Cape Town Ward 29, Atlantis, City of Cape Town, Western Cape, 7349, South Africa"
77,Parkview,18.488346999985,-33.5655769989953,"Palmer Avenue, Wesfleur, Cape Town Ward 29, Atlantis, City of Cape Town, Western Cape, 7349, South Africa"
78,Gothenburg,18.4832479999514,-33.5680760003848,"Grosvenor Avenue, Wesfleur, Cape Town Ward 29, Atlantis, City of Cape Town, Western Cape, 7349, South Africa"
79,Colebrook,18.4822190012221,-33.5707999994028,"Grosvenor Avenue, Wesfleur, Cape Town Ward 29, Atlantis, City of Cape Town, Western Cape, 7437, South Africa"
80,Bengal,18.4860429996676,-33.5714009992281,"Grosvenor Avenue, Avondale Civic Centre, Cape Town Ward 29, Atlantis, City of Cape Town, Western Cape, 7437, South Africa"
81,Alberto,18.4901719996833,-33.5719270002393,"Grosvenor Avenue, Wesfleur, Cape Town Ward 29, Atlantis, City of Cape Town, Western Cape, 7349, South Africa"
82,Disa,18.4940000002231,-33.5736480000386,"Gardenia Street, Cape Town Ward 32, Atlantis, City of Cape Town, Western Cape, 7349, South Africa"
83,Bottlebrush,18.4966719995108,-33.5775890002868,"Kerria Avenue, Cape Town Ward 32, Atlantis, City of Cape Town, Western Cape, 7349, South Africa"
84,Berzelia,18.4924610006289,-33.5777290004741,"Kerria Avenue, Cape Town Ward 32, Atlantis, City of Cape Town, Western Cape, 7349, South Africa"
85,Starke,18.4872200001484,-33.579994999693,"Charel Uys Drive, Atlantis Industrial, Cape Town Ward 32, Atlantis, City of Cape Town, Western Cape, 7349, South Africa"
86,Charles Duminy,18.4846919993639,-33.5798920008572,"Christopher Starke Street, Atlantis Industrial, Cape Town Ward 32, Atlantis, City of Cape Town, Western Cape, 7437, South Africa"
87,Tom Henshilwood,18.4829559988578,-33.5832769995641,"Neil Hare Road, Atlantis Industrial, Cape Town Ward 32, Atlantis, City of Cape Town, Western Cape, 7349, South Africa"
88,John Van Niekerk,18.4782279992809,-33.5844479999354,"Neil Hare Road, Atlantis Industrial, Cape Town Ward 32, Atlantis, City of Cape Town, Western Cape, 7349, South Africa"
89,Neil Hare,18.4744349996766,-33.5870829988851,"Charel Uys Drive, Atlantis Industrial, Cape Town Ward 32, Atlantis, City of Cape Town, Western Cape, 7437, South Africa"
90,Charles Matthews,18.4814210005446,-33.5912979998202,"John van Niekerk Street, Atlantis Industrial, Cape Town Ward 32, Atlantis, City of Cape Town, Western Cape, 7437, South Africa"
106,Pella North,18.5208419997305,-33.5359259996334,"Main Road, Pella, Cape Town Ward 29, City of Cape Town, Western Cape, 7349, South Africa"
107,Pella Central,18.5206810004562,-33.5388719999446,"Main Road, Pella, Cape Town Ward 29, City of Cape Town, Western Cape, 7349, South Africa"
108,Pella South,18.5196509987486,-33.5424220005925,"Pella Mor Primêre Skool, 3, Dassenberg Street, Pella, Cape Town Ward 29, City of Cape Town, Western Cape, 7348, South Africa"
123,Brutus,18.4912430005223,-33.5573000005928,"Anna Avenue, Cape Town Ward 29, Atlantis, City of Cape Town, Western Cape, 7349, South Africa"
124,Sherwood,18.4934580006538,-33.5554979998654,"Brutus Avenue, Cape Town Ward 29, Atlantis, City of Cape Town, Western Cape, 7349, South Africa"
126,Montezuma,18.500594999363,-33.5525909993263,"Newlands Avenue, Saxonsea, Cape Town Ward 32, Atlantis, City of Cape Town, Western Cape, 7349, South Africa"
127,Newlands,18.4984749997376,-33.5511110005607,"Newlands Avenue, Saxonsea, Cape Town Ward 32, Atlantis, City of Cape Town, Western Cape, 7349, South Africa"
132,Lagan,18.5020149992012,-33.5546700003532,"Jonkershoek Road, Saxonsea, Cape Town Ward 32, Atlantis, City of Cape Town, Western Cape, 7349, South Africa"
133,Kolgha,18.5041529993925,-33.5540490000547,"Jonkershoek Road, Saxonsea, Cape Town Ward 32, Atlantis, City of Cape Town, Western Cape, 7349, South Africa"
134,Reygersdal,18.4940510008902,-33.5667140000898,"Reygersdal Avenue, Wesfleur, Cape Town Ward 29, Atlantis, City of Cape Town, Western Cape, 7349, South Africa"
135,Flamingo Park,18.4967070005088,-33.5683059997902,"Reygersdal Avenue, Cape Town Ward 32, Atlantis, City of Cape Town, Western Cape, 7349, South Africa"
136,Malgas,18.4997120006022,-33.5708520000839,"Magnolia Street, Cape Town Ward 32, Atlantis, City of Cape Town, Western Cape, 7349, South Africa"
137,Jacana,18.5013830003366,-33.5701629999945,"Curlew Street, Cape Town Ward 32, Atlantis, City of Cape Town, Western Cape, 7349, South Africa"
138,Patrys,18.5030559994912,-33.5708809999415,"Curlew Street, Cape Town Ward 32, Atlantis, City of Cape Town, Western Cape, 7349, South Africa"
139,Swawel,18.5065599997263,-33.5687750004924,"Swift Street, Cape Town Ward 32, Atlantis, City of Cape Town, Western Cape, 7349, South Africa"
140,Tortelduif,18.5074989992865,-33.565076999956,"Swift Street, Cape Town Ward 32, Atlantis, City of Cape Town, Western Cape, 7349, South Africa"
141,Robinvale,18.5041820001018,-33.5659579994431,"Fiskaal Street, Cape Town Ward 32, Atlantis, City of Cape Town, Western Cape, 7349, South Africa"
142,Curlew,18.4999959991988,-33.5658460008009,"Fiskaal Street, Cape Town Ward 32, Atlantis, City of Cape Town, Western Cape, 7349, South Africa"
165,Insiswa,18.5046110006656,-33.5512799998464,"Jonkershoek Road, Saxonsea, Cape Town Ward 32, Atlantis, City of Cape Town, Western Cape, 7349, South Africa"
187,Dahlia,18.489433000224,-33.5743419995723,"Charel Uys Drive, Cape Town Ward 32, Atlantis, City of Cape Town, Western Cape, 7349, South Africa"
188,Grosvenor,18.4905269999943,-33.5724959997814,"Charel Uys Drive, Cape Town Ward 32, Atlantis, City of Cape Town, Western Cape, 7349, South Africa"
189,Charel Uys,18.4924149992296,-33.5698050003829,"Charel Uys Drive, Cape Town Ward 32, Atlantis, City of Cape Town, Western Cape, 7349, South Africa"
195,Magnolia,18.4985380004053,-33.5714740003521,"Reygersdal Avenue, Cape Town Ward 32, Atlantis, City of Cape Town, Western Cape, 7349, South Africa"
196,Starling,18.5011320009205,-33.5738510001228,"Reygersdal Avenue, Cape Town Ward 32, Atlantis, City of Cape Town, Western Cape, 7349, South Africa"
198,Kerria Primary,18.4986480000893,-33.5770069999021,"Usave Protea Park, 83, Kerria Avenue, Protea Park, Atlantis, City of Cape Town, Western Cape, 7349, South Africa"
200,Begonia,18.4976689998508,-33.5806490008362,"Acacia Crescent, Cape Town Ward 32, Atlantis, City of Cape Town, Western Cape, 7349, South Africa"
201,Aloe,18.5018099996838,-33.5804649995951,"Acacia Crescent, Cape Town Ward 32, Atlantis, City of Cape Town, Western Cape, 7349, South Africa"
202,Acacia,18.5030339994721,-33.5795270006419,"Acacia Crescent, Cape Town Ward 32, Atlantis, City of Cape Town, Western Cape, 7349, South Africa"
203,Azalea,18.5028519990497,-33.5758159994738,"Acacia Crescent, Cape Town Ward 32, Atlantis, City of Cape Town, Western Cape, 7349, South Africa"
214,Cealian,18.5018470006163,-33.5595450000922,"Castlehill Circle, Cape Town Ward 32, Atlantis, City of Cape Town, Western Cape, 7349, South Africa"
223,Charel Uys South,18.486192000983,-33.5833559996784,"Charel Uys Drive, Atlantis Industrial, Cape Town Ward 32, Atlantis, City of Cape Town, Western Cape, 7437, South Africa"
224,Gerwyn Owen,18.4813839998846,-33.5884020000624,"Gerwyn Owen, Charel Uys Drive, Atlantis Industrial, Cape Town Ward 32, Atlantis, City of Cape Town, Western Cape, 7349, South Africa"
225,Duynefontein,18.4562660006991,-33.6903770006158,"West Coast Road, Duynefontein, Cape Town Ward 23, City of Cape Town, Western Cape, South Africa"
226,Wanderlust,18.4560859990264,-33.7008790005923,"West Coast Road, Cape Town Ward 23, Melkbosstrand, City of Cape Town, Western Cape, South Africa"
227,Blaauwe Berg,18.4556569998072,-33.7255610001023,"West Coast Road, Cape Town Ward 23, Melkbosstrand, City of Cape Town, Western Cape, South Africa"
228,Melkbosstrand,18.4423399996427,-33.730857999922,"Melkbosstrand, Otto du Plessis Drive, Cape Town Ward 23, Melkbosstrand, City of Cape Town, Western Cape, South Africa"
229,Table View,18.4888339991628,-33.8247679996143,"Table View, Blaauwberg Road, Flamingo Vlei, Cape Town Ward 113, City of Cape Town, Western Cape, 7439, South Africa"
236,Omuramba,18.5124849994102,-33.8682210005325,"Omuramba, Racecourse Road, Marconi Beam, Milnerton, City of Cape Town, Western Cape, 7447, South Africa"
237,Royal Ascot,18.5028199996686,-33.8630120000401,"Racecourse Road, Royal Ascot, Milnerton, City of Cape Town, Western Cape, 7447, South Africa"
238,Racecourse,18.5003609996097,-33.8613909997272,"Racecourse, Otto du Plessis Drive, Royal Ascot, Milnerton, City of Cape Town, Western Cape, 7447, South Africa"
239,Sunset Beach,18.4963030002782,-33.8532740001111,"Otto du Plessis Drive, Sunset Beach, Milnerton, City of Cape Town, Western Cape, 8005, South Africa"
240,Porterfield,18.4885540000921,-33.8150589998875,"Porterfield, Otto du Plessis Drive, Cape Town Ward 107, City of Cape Town, Western Cape, 7439, South Africa"
241,Quebec,18.3837330006121,-33.9526039998737,"23, Geneva Drive, Camps Bay, Cape Town Ward 54, Cape Town, City of Cape Town, Western Cape, 8005, South Africa"
242,Sandown,18.4842690001081,-33.8069110003287,"Otto du Plessis Drive, Cape Town Ward 107, City of Cape Town, Western Cape, 7433, South Africa"
243,Driftwood,18.4554299997052,-33.7414060003898,"West Coast Road, Cape Town Ward 23, City of Cape Town, Western Cape, South Africa"
244,Birkenhead,18.4554600001642,-33.7358970003948,"West Coast Road, Cape Town Ward 23, City of Cape Town, Western Cape, South Africa"
245,Brittlestar,18.4529180000535,-33.7345779996487,"Birkenhead Drive, Cape Town Ward 23, City of Cape Town, Western Cape, South Africa"
246,Atlantic Beach,18.4473369999113,-33.7322300003074,"Birkenhead Drive, Atlantic Beach Golf Estate, Cape Town Ward 23, City of Cape Town, Western Cape, South Africa"
263,Ravensteyn,18.3849119995519,-33.9571750006426,"Camps Bay Drive, Camps Bay, Cape Town Ward 54, Cape Town, City of Cape Town, Western Cape, 8005, South Africa"
264,Camps Bay,18.3788370002289,-33.9500120003367,"Tiger's Milk - Camps Bay, 35, Victoria Road, Camps Bay, Cape Town Ward 54, Cape Town, City of Cape Town, Western Cape, 8005, South Africa"
267,Popham,18.4843600006461,-33.8235169998394,"Blaauwberg Road, Flamingo Vlei, Cape Town Ward 107, City of Cape Town, Western Cape, 7439, South Africa"
270,Lord Caledon,18.4743780005412,-33.5109940005259,"54, Main Road, Mamre, Cape Town Ward 29, City of Cape Town, Western Cape, 7347, South Africa"
272,Denne East,18.4788420002111,-33.5100649990207,"22, Frans Street, Mamre, Cape Town Ward 29, City of Cape Town, Western Cape, 7347, South Africa"
301,Kuyasa,18.6926340001169,-34.0555760004407,"Ntlazane Road, Kuyasa, Cape Town Ward 97, Khayelitsha, City of Cape Town, Western Cape, 7784, South Africa"
351,Oscar Mpetha,18.6838430000732,-34.0563190000788,"Ntlazane Road, Harare, Cape Town Ward 98, Khayelitsha, City of Cape Town, Western Cape, 7784, South Africa"
352,Ncumo West,18.6734660005086,-34.0534910003225,"Ntlazane Road, Harare, Cape Town Ward 98, Khayelitsha, City of Cape Town, Western Cape, 7784, South Africa"
353,Kwezi,18.6686890004724,-34.0479389996136,"Khwezi Crescent, Ilitha Park, Cape Town Ward 92, Khayelitsha, City of Cape Town, Western Cape, 7784, South Africa"
354,Ngcingcu,18.6670310001838,-34.0449290004642,"Ntlazane Road, Ilitha Park, Cape Town Ward 92, Khayelitsha, City of Cape Town, Western Cape, 7784, South Africa"
355,Makabeni,18.6605679991614,-34.0434979997296,"Spine Road, Ilitha Park, Cape Town Ward 92, Khayelitsha, City of Cape Town, Western Cape, 7784, South Africa"
356,Mfundisweni,18.6537760001325,-34.0394469993438,"Mew Way, Khaya, Cape Town Ward 92, Khayelitsha, City of Cape Town, Western Cape, 7783, South Africa"
357,Pama West,18.6528249997932,-34.0312010000016,"Pama Road, Khaya, Cape Town Ward 92, Khayelitsha, City of Cape Town, Western Cape, 7783, South Africa"
358,Sigwele,18.6518289993356,-34.0227010007495,"Sigwele Avenue, Cape Town Ward 90, Khayelitsha, City of Cape Town, Western Cape, 7783, South Africa"
359,Aliam,18.6534570000987,-34.0183439996345,"Aliam Street, Cape Town Ward 90, Khayelitsha, City of Cape Town, Western Cape, 7783, South Africa"
360,Jeff Masemola,18.6566190002576,-34.0157730001992,"Mew Way, Cape Town Ward 87, Khayelitsha, City of Cape Town, Western Cape, 7783, South Africa"
361,Civic Centre,18.4297220007067,-33.9207180002612,"Civic Centre, Hertzog Boulevard, Cape Town Ward 115, Cape Town, City of Cape Town, Western Cape, 8001, South Africa"
372,Oscar Mpethu,18.6840239994287,-34.0563200004336,"Ntlazane Road, Kuyasa, Cape Town Ward 97, Khayelitsha, City of Cape Town, Western Cape, 7784, South Africa"
374,Adderley,18.4249320005171,-33.9205990000783,"Adderley Street, Foreshore, Cape Town Ward 115, Cape Town, City of Cape Town, Western Cape, 8001, South Africa"
375,Riebeeck,18.4208299999154,-33.9182909992134,"Riebeek Street, Cape Town Ward 115, Cape Town, City of Cape Town, Western Cape, 8001, South Africa"
376,Alfred,18.4182180002972,-33.9152949996746,"4, Somerset Road, De Waterkant, Cape Town Ward 115, Cape Town, City of Cape Town, Western Cape, 8001, South Africa"
377,Gallows Hill,18.41610500041,-33.9119829995538,"Somerset Road, Cape Town Ward 115, Cape Town, City of Cape Town, Western Cape, 8005, South Africa"
378,Upper Portswood,18.4130879999117,-33.9092099997766,"Woolworths Food, 105, Main Road, Green Point, Cape Town, City of Cape Town, Western Cape, 8005, South Africa"
379,Wigtown,18.4069919997801,-33.9075720002066,"The Legacy, 145, Main Road, Cape Town Ward 115, Cape Town, City of Cape Town, Western Cape, 8005, South Africa"
380,Hill,18.4033770004586,-33.9078160003909,"Palatino, 187, Main Road, Cape Town Ward 115, Cape Town, City of Cape Town, Western Cape, 8005, South Africa"
381,Ellerslie,18.3982969996721,-33.9081660004678,"Rockaways, 225, Main Road, Three Anchor Bay, Cape Town, City of Cape Town, Western Cape, 8005, South Africa"
382,Camberwell,18.395823999871,-33.909212000656,"Korean Soju Restaurant, 265A, Main Road, Cape Town Ward 115, Cape Town, City of Cape Town, Western Cape, 8005, South Africa"
383,Sea Point High,18.3940839998056,-33.9106879998296,"Venezia Flats, 92, Main Road, Cape Town Ward 54, Cape Town, City of Cape Town, Western Cape, 8005, South Africa"
384,Firmount,18.3919019992448,-33.9132229998792,"LAL Cape Town, 319, Main Road, Cape Town Ward 54, Cape Town, City of Cape Town, Western Cape, 8005, South Africa"
385,Sea Point,18.3900130003611,-33.9154209996735,"The Equinox, 154, Main Road, Cape Town Ward 54, Cape Town, City of Cape Town, Western Cape, 8005, South Africa"
386,Arthur's,18.3879370007094,-33.9178660004738,"Main Road, Cape Town Ward 54, Cape Town, City of Cape Town, Western Cape, 8005, South Africa"
387,Clarens,18.3856609995649,-33.9195399996765,"Mojo Market, 30, Regent Road, Cape Town Ward 54, Cape Town, City of Cape Town, Western Cape, 8060, South Africa"
388,Kei Apple,18.3831160002194,-33.9211469997388,"75, Regent Road, Cape Town Ward 54, Cape Town, City of Cape Town, Western Cape, 8005, South Africa"
389,Tramway,18.3812290002058,-33.9221950001056,"Tops at Spar, 94, Regent Road, Cape Town Ward 54, Cape Town, City of Cape Town, Western Cape, 8005, South Africa"
390,Queens Beach,18.3797209992122,-33.9213680009049,"Beach Road, Cape Town Ward 54, Cape Town, City of Cape Town, Western Cape, 8005, South Africa"
407,Waterkant,18.4217810009495,-33.9200529998925,"22, Long Street, Cape Town Ward 115, Cape Town, City of Cape Town, Western Cape, 8001, South Africa"
408,St Georges,18.4224909994444,-33.9214569998594,"Pick n Pay, 58, Strand Street, Cape Town Ward 115, Cape Town, City of Cape Town, Western Cape, 8001, South Africa"
411,Kapteinsklip,18.6216669995664,-34.0675390000189,"Yellowwood Road, Cape Town Ward 82, Mitchells Plain, City of Cape Town, Western Cape, 7456, South Africa"
412,Snowdon,18.6261849996912,-34.0660719996418,"Kilimanjaro Street, Tafelsig, Cape Town Ward 82, Mitchells Plain, City of Cape Town, Western Cape, 7785, South Africa"
413,Paulsberg,18.6312650003226,-34.0637080000126,"Kilimanjaro Street, Tafelsig, Cape Town Ward 82, Mitchells Plain, City of Cape Town, Western Cape, 7785, South Africa"
414,Langberg,18.6376270008901,-34.0605319995261,"A.Z. Berman Drive, Tafelsig, Cape Town Ward 82, Mitchells Plain, City of Cape Town, Western Cape, 7785, South Africa"
415,Spine,18.6316689998658,-34.0540370001126,"A.Z. Berman Drive, Eastridge, Cape Town Ward 79, Mitchells Plain, City of Cape Town, Western Cape, 7785, South Africa"
416,Imperial,18.6249460003081,-34.0482879992286,"A.Z. Berman Drive, Eastridge, Cape Town Ward 79, Mitchells Plain, City of Cape Town, Western Cape, 7785, South Africa"
417,Mitchell's Plain,18.6196090007939,-34.0464800001131,"2nd Avenue, Eastridge, Cape Town Ward 79, Mitchells Plain, City of Cape Town, Western Cape, 7785, South Africa"
418,Pontiac,18.621154000311,-34.0446849994245,"A.Z. Berman Drive, Cape Town Ward 116, Mitchells Plain, City of Cape Town, Western Cape, 7785, South Africa"
419,Kerrem,18.6189189999485,-34.0404319996255,"A.Z. Berman Drive, Cape Town Ward 116, Mitchells Plain, City of Cape Town, Western Cape, 7785, South Africa"
420,Marguerite,18.6145010002027,-34.0317309991499,"A.Z. Berman Drive, Lentegeur, Cape Town Ward 76, Mitchells Plain, City of Cape Town, Western Cape, 7785, South Africa"
421,Sesame,18.6082940002716,-34.0228440000694,"A.Z. Berman Drive, Lentegeur, Cape Town Ward 76, City of Cape Town, Western Cape, 7785, South Africa"
424,Mitchells Plain,18.6196090007939,-34.0464800001131,"2nd Avenue, Eastridge, Cape Town Ward 79, Mitchells Plain, City of Cape Town, Western Cape, 7785, South Africa"
428,Langeberg,18.6374329993718,-34.0612579999936,"Kilimanjaro Street, Tafelsig, Cape Town Ward 82, Mitchells Plain, City of Cape Town, Western Cape, 7785, South Africa"
435,Foreshore,18.4302909997931,-33.9183560000351,"Virgin Active, 17, D.F. Malan Street, Cape Town Ward 115, Cape Town, City of Cape Town, Western Cape, 8001, South Africa"
436,Lower Long,18.4231200005053,-33.9188140001425,"1 Thibault Square, 1, Long Street, Cape Town Ward 115, Cape Town, City of Cape Town, Western Cape, 8001, South Africa"
437,Mid Long,18.4208660004257,-33.9208859998313,"Merchants on Long, 34, Long Street, Cape Town Ward 115, Cape Town, City of Cape Town, Western Cape, 8001, South Africa"
438,Longmarket,18.419059999777,-33.9225299997471,"Internationale Schule, 105, Long Street, Cape Town Ward 115, Cape Town, City of Cape Town, Western Cape, 8001, South Africa"
439,Dorp,18.4175249991247,-33.923932999696,"Neighbourhood Restaurant Bar & Lounge, 163, Long Street, Cape Town Ward 115, Cape Town, City of Cape Town, Western Cape, 8000, South Africa"
440,Upper Long,18.4146569994686,-33.9265390000035,"South China Dim Sum Bar, 289, Long Street, Cape Town Ward 115, Cape Town, City of Cape Town, Western Cape, 8001, South Africa"
441,Michaelis,18.413388000784,-33.9287160007832,"42, Orange Street, Gardens, Cape Town, City of Cape Town, Western Cape, 8001, South Africa"
442,Government Ave,18.4137049995319,-33.9315220003361,"Orange Street, Cape Town Ward 115, Cape Town, City of Cape Town, Western Cape, 8001, South Africa"
443,Annandale,18.4147980000129,-33.9330999993652,"Engen, 27, Annandale Street, Cape Town Ward 115, Cape Town, City of Cape Town, Western Cape, 8001, South Africa"
444,Gardens,18.4195719999797,-33.9339760002081,"Mill Street, Cape Town Ward 77, Cape Town, City of Cape Town, Western Cape, 8001, South Africa"
449,Upper Loop,18.4139830010422,-33.9261010001467,"St. Martini Kindergarten, 240, Loop Street, Cape Town Ward 115, Cape Town, City of Cape Town, Western Cape, 8001, South Africa"
450,Leeuwen,18.4163189997971,-33.923955999552,"Alliance Française du Cap, 155, Loop Street, Cape Town Ward 115, Cape Town, City of Cape Town, Western Cape, 8001, South Africa"
451,Church,18.4180560012466,-33.9223709990502,"Base of African Restaurant, 98, Loop Street, Cape Town Ward 115, Cape Town, City of Cape Town, Western Cape, 8000, South Africa"
452,Mid Loop,18.420787999751,-33.9198860005193,"Hertz, 40, Loop Street, Cape Town Ward 115, Cape Town, City of Cape Town, Western Cape, 8001, South Africa"
453,Lower Loop,18.4223789999385,-33.9184259998404,"Loop Street, Cape Town Ward 115, Cape Town, City of Cape Town, Western Cape, 8001, South Africa"
458,Darling,18.4222719995466,-33.9238660001151,"Darling Street, Foreshore, Cape Town Ward 115, Cape Town, City of Cape Town, Western Cape, 8001, South Africa"
459,Lower Buitenkant,18.4247940000938,-33.9264929998302,"Buitenkant Street, Cape Town Ward 115, Cape Town, City of Cape Town, Western Cape, 7925, South Africa"
460,Roeland,18.421177000587,-33.9299719996647,"Roeland, Buitenkant Street, Cape Town Ward 115, Cape Town, City of Cape Town, Western Cape, 8001, South Africa"
461,Roodehek,18.4198380005092,-33.9323019996221,"Shell Select, 130, Buitenkant Street, Cape Town Ward 115, Cape Town, City of Cape Town, Western Cape, 8001, South Africa"
462,Lower Plein,18.4240099992727,-33.9234190004501,"Lower Plein Street, Foreshore, Cape Town Ward 115, Cape Town, City of Cape Town, Western Cape, 8001, South Africa"
463,Breakwater,18.4206920011734,-33.9021230003181,"Breakwater Lane, Foreshore, Cape Town Ward 115, Cape Town, City of Cape Town, Western Cape, 8001, South Africa"
467,De Waal Park,18.4141129990886,-33.9378630001099,"47, Upper Orange Street, Cape Town Ward 77, Cape Town, City of Cape Town, Western Cape, 8001, South Africa"
468,Upper Orange,18.4141110007472,-33.9406600003143,"Orange Guest House, 16, Upper Orange Street, Cape Town Ward 77, Cape Town, City of Cape Town, Western Cape, 8001, South Africa"
469,Montrose,18.4114410003133,-33.9412810001579,"28, Montrose Avenue, Cape Town Ward 77, Cape Town, City of Cape Town, Western Cape, 8001, South Africa"
470,Marmion,18.4116710003106,-33.9433089996558,"12, Marmion Road, Cape Town Ward 77, Cape Town, City of Cape Town, Western Cape, 8001, South Africa"
471,Chesterfield,18.4096759995781,-33.9432149997171,"Chesterfield Road, Cape Town Ward 77, Cape Town, City of Cape Town, Western Cape, 8001, South Africa"
472,Invermark,18.4080060004276,-33.9430340003436,"Cape Town Ward 77, Cape Town, City of Cape Town, Western Cape, 8001, South Africa"
473,Molteno,18.4090989998073,-33.9403960008491,"50, Molteno Road, Cape Town Ward 77, Cape Town, City of Cape Town, Western Cape, 8001, South Africa"
474,Rayden,18.409822000041,-33.9370770005172,"Rayden Road, Cape Town Ward 77, Cape Town, City of Cape Town, Western Cape, 8001, South Africa"
475,Lower Reservoir,18.4122139990915,-33.935180999678,"Camp Street, Cape Town Ward 115, Cape Town, City of Cape Town, Western Cape, 8001, South Africa"
483,Graaff's Pool,18.3881909999363,-33.9132059996307,"Bordeaux, 239, Beach Road, Sea Point, Cape Town, City of Cape Town, Western Cape, 8005, South Africa"
485,Victoria,18.522403000118,-33.8879940000339,"Victoria Drive, Summer Greens, Cape Town Ward 4, Milnerton, City of Cape Town, Western Cape, 7441, South Africa"
486,Sailors Green,18.5254230000951,-33.8854120002007,"102, Summer Greens Drive, Summer Greens, Cape Town Ward 4, Milnerton, City of Cape Town, Western Cape, 7441, South Africa"
487,Soldier,18.5270760010403,-33.8830489999508,"Summer Greens Drive, Summer Greens, Cape Town Ward 4, Cape Town, City of Cape Town, Western Cape, 7441, South Africa"
488,Emerald,18.5265860008629,-33.8798699999581,"Summer Greens Drive, Summer Greens, Cape Town Ward 4, Milnerton, City of Cape Town, Western Cape, 7441, South Africa"
489,Century Gate,18.5227880009068,-33.8819890005124,"Century Gate, Century Avenue, Cape Town Ward 55, Milnerton, City of Cape Town, Western Cape, 7404, South Africa"
490,Edison,18.5170940003448,-33.8819259998919,"Softline, 3, Edison Way, Cape Town Ward 55, Milnerton, City of Cape Town, Western Cape, 7404, South Africa"
491,Ocean Spirit,18.5141109997392,-33.8814880002189,"Bosmansdam Road, Sanddrift, Cape Town Ward 55, Milnerton, City of Cape Town, Western Cape, 7441, South Africa"
492,Democracy South,18.5070809989109,-33.8804280001345,"Bosmansdam Road, Sanddrift, Milnerton, City of Cape Town, Western Cape, 2251, South Africa"
493,Quest,18.4977550010087,-33.8803780002567,"Koeberg Road, Tijgerhof, Milnerton, City of Cape Town, Western Cape, 2251, South Africa"
494,Loxton East,18.4954080000439,-33.8830440002606,"Loxton Road, Woodbridge Island, Milnerton, City of Cape Town, Western Cape, 2251, South Africa"
495,Loxton West,18.4921669996139,-33.8823760011081,"Loxton Road, Woodbridge Island, Milnerton, City of Cape Town, Western Cape, 2251, South Africa"
497,Mansfield,18.4958810003145,-33.882655000889,"Koeberg Road, Woodbridge Island, Milnerton, City of Cape Town, Western Cape, 2251, South Africa"
500,Namer,18.5148729991036,-33.8817659999259,"Ocean Spirit Avenue, Sanddrift, Cape Town Ward 55, Milnerton, City of Cape Town, Western Cape, 7404, South Africa"
514,Portswood South,18.4147129999002,-33.9075060005706,"Portswood Road, Cape Town Ward 115, Cape Town, City of Cape Town, Western Cape, 8005, South Africa"
515,Portswood North,18.4177159996633,-33.9055060005172,"Portswood Road, Foreshore, Cape Town Ward 115, Cape Town, City of Cape Town, Western Cape, 8005, South Africa"
516,Groot Kerk,18.4211569999267,-33.9240659996739,"Groote Kerk, Adderley Street, Cape Town Ward 115, Cape Town, City of Cape Town, Western Cape, 8001, South Africa"
517,Lower Kloof,18.4120930000834,-33.9286190002711,"Molten Toffee, 45a, Kloof Street, Cape Town Ward 115, Cape Town, City of Cape Town, Western Cape, 8001, South Africa"
518,Eaton,18.4091459990982,-33.9316120003093,"105, Kloof Street, Gardens, Cape Town, City of Cape Town, Western Cape, 8001, South Africa"
519,Welgemeend,18.4070850004056,-33.9345779995149,"Vadivelu, 151, Kloof Street, Cape Town Ward 77, Cape Town, City of Cape Town, Western Cape, 8001, South Africa"
520,Upper Kloof,18.4050620006395,-33.9363100001186,"Kloof Street, Cape Town Ward 77, Cape Town, City of Cape Town, Western Cape, 8001, South Africa"
521,Kew,18.4024590000116,-33.9369839993389,"Kew Road, Cape Town Ward 77, Cape Town, City of Cape Town, Western Cape, 8001, South Africa"
528,Waterfront,18.4210469997644,-33.9017760006923,"Breakwater Lane, Foreshore, Cape Town Ward 115, Cape Town, City of Cape Town, Western Cape, 8001, South Africa"
545,Fort Wynard,18.4134129993204,-33.9053079999076,"Granger Bay Boulevard, Cape Town Ward 115, Cape Town, City of Cape Town, Western Cape, 8005, South Africa"
546,Beach,18.4165330004056,-33.90334299998,"Granger Bay Boulevard, Foreshore, Cape Town Ward 115, Cape Town, City of Cape Town, Western Cape, 8001, South Africa"
611,Strand,18.4209009995896,-33.9204329997289,"Strand Street, Cape Town Ward 115, Cape Town, City of Cape Town, Western Cape, 8001, South Africa"
612,Kiwu,18.5109369998816,-33.8737629993957,"Freedom Way, Joe Slovo Park, Milnerton, City of Cape Town, Western Cape, 7447, South Africa"
632,Democracy North,18.5093250003005,-33.8729099995736,"Freedom Way, Joe Slovo Park, Milnerton, City of Cape Town, Western Cape, 7447, South Africa"
633,Venus,18.5070159997879,-33.8722039999939,"Freedom Way, Phoenix, Milnerton, City of Cape Town, Western Cape, 7447, South Africa"
634,Gousblom,18.5046409995525,-33.8713749997244,"Koeberg Road, Marconi Beam, Milnerton, City of Cape Town, Western Cape, 7447, South Africa"
635,Crassula,18.5024719989631,-33.8742299994437,"Kärcher Center ITS, 442A, Koeberg Road, Marconi Beam, Milnerton, City of Cape Town, Western Cape, 2251, South Africa"
636,Zastron,18.501167999195,-33.8759340000699,"Koeberg Road, Marconi Beam, Milnerton, City of Cape Town, Western Cape, 2251, South Africa"
639,Tijgerhof,18.4946810005569,-33.88752500037,"Koeberg Road, Tijgerhof, Milnerton, City of Cape Town, Western Cape, 7446, South Africa"
640,Boundary,18.4933460002229,-33.891410999728,"Koeberg Road, Tijgerhof, Milnerton, City of Cape Town, Western Cape, 7425, South Africa"
641,Madeira,18.4912489994384,-33.895992000864,"226, Koeberg Road, Rugby, Cape Town Ward 55, Milnerton, City of Cape Town, Western Cape, 7425, South Africa"
642,Dreyer,18.4898949997522,-33.8987840003899,"Koeberg Road, Rugby, Cape Town Ward 55, Milnerton, City of Cape Town, Western Cape, 7425, South Africa"
643,Narwhal,18.4877719997815,-33.9031869998836,"154, Koeberg Road, Cape Town Ward 55, Milnerton, City of Cape Town, Western Cape, 7425, South Africa"
644,Sheridan,18.4857790008111,-33.9073719998563,"Koeberg Road, Cape Town Ward 55, Cape Town, City of Cape Town, Western Cape, 7425, South Africa"
645,Fenwick,18.4837809992333,-33.9116049994398,"Koeberg Mall, 91, Koeberg Road, Cape Town Ward 55, Cape Town, City of Cape Town, Western Cape, 7425, South Africa"
646,Conway,18.4825660007363,-33.9141949996983,"32, Koeberg Road, Cape Town Ward 55, Cape Town, City of Cape Town, Western Cape, 7425, South Africa"
647,Coronation,18.4808110004869,-33.9225960000597,"15, Koeberg Road, Cape Town Ward 56, Cape Town, City of Cape Town, Western Cape, 7295, South Africa"
648,Maitland,18.4865279995822,-33.9243939998764,"Station Road, Cape Town Ward 56, Cape Town, City of Cape Town, Western Cape, 7295, South Africa"
649,Green,18.4785880002187,-33.9242480000076,"Voortrekker Road, Cape Town Ward 56, Cape Town, City of Cape Town, Western Cape, 7295, South Africa"
650,Loco,18.4709370001299,-33.9255719998503,"The Spice Yard, 100, Voortrekker Road, Cape Town Ward 115, Cape Town, City of Cape Town, Western Cape, 7925, South Africa"
651,Salt River Hall,18.4617249989572,-33.9276729997453,"Voortrekker Road, Cape Town Ward 115, Cape Town, City of Cape Town, Western Cape, 7925, South Africa"
652,Biscuit Mill,18.4568080002421,-33.9276590007852,"336, Albert Road, Woodstock, Cape Town, City of Cape Town, Western Cape, 7925, South Africa"
653,Dublin,18.4532029991961,-33.9272220000616,"259, Albert Road, Woodstock, Cape Town, City of Cape Town, Western Cape, 7925, South Africa"
654,Lower Church,18.4499849999157,-33.9268530005091,"Bonjour, 130, Albert Road, Woodstock, Cape Town, City of Cape Town, Western Cape, 7925, South Africa"
655,Davison,18.446236999334,-33.9264549999472,"The Woodstock Exchange, 66-68, Albert Road, Woodstock, Cape Town, City of Cape Town, Western Cape, 7915, South Africa"
656,Barron,18.4434629997642,-33.9262940002772,"1 on Albert, Albert Road, Woodstock, Cape Town, City of Cape Town, Western Cape, 7925, South Africa"
657,Russel,18.4353860002275,-33.926812000367,"Newmarket Street, Foreshore, Cape Town Ward 115, Cape Town, City of Cape Town, Western Cape, 8001, South Africa"
658,Castle,18.4258760000628,-33.9240900004176,"Strand Street, Foreshore, Cape Town Ward 115, Cape Town, City of Cape Town, Western Cape, 8001, South Africa"
691,Waterville,18.4876089996928,-33.8040279996613,"Sunningdale Drive, Cape Town Ward 107, City of Cape Town, Western Cape, 7433, South Africa"
692,Nantucket,18.4887159992659,-33.8061069994371,"Sunningdale Drive, Cape Town Ward 107, City of Cape Town, Western Cape, 7433, South Africa"
693,Humewood,18.4941900010993,-33.8050589991,"Humewood Drive, Sunningdale, City of Cape Town, Western Cape, 7433, South Africa"
694,Devonshire,18.4997950003935,-33.8067019998221,"Exclusive Ambassadors Educare, 81, Ringwood Drive, Parklands, Cape Town, City of Cape Town, Western Cape, 7441, South Africa"
695,Wood North,18.5038460005752,-33.8055059998565,"Wood Drive, Cape Town Ward 107, City of Cape Town, Western Cape, 7441, South Africa"
696,Ravensmead,18.5047329995386,-33.809922998955,"Wood Drive, Cape Town Ward 107, City of Cape Town, Western Cape, 7441, South Africa"
697,Wood Central,18.507375999132,-33.8144810010508,"Wood Drive, Cape Town Ward 113, City of Cape Town, Western Cape, 7441, South Africa"
698,Muscadel,18.5095490004698,-33.8205329993375,"63, Wood Drive, Sunridge, Table View, City of Cape Town, Western Cape, 7441, South Africa"
699,Merlot,18.5081350006934,-33.8245369998111,"33, Wood Drive, Sunridge, Table View, City of Cape Town, Western Cape, 7441, South Africa"
700,Wood,18.5067759992843,-33.8295060001695,"Wood, Blaauwberg Road, Sunridge, Table View, City of Cape Town, Western Cape, 7441, South Africa"
703,Bitten,18.5132600008225,-33.8243809996511,"Cross Road, Sunridge, Table View, City of Cape Town, Western Cape, 7441, South Africa"
704,Gie South,18.5168560002703,-33.825312000362,"Cross Road, Sunridge, Table View, City of Cape Town, Western Cape, 7441, South Africa"
705,Pinto,18.5185069996264,-33.8216219998283,"69, Gie Road, Sunridge, Table View, City of Cape Town, Western Cape, 7441, South Africa"
706,Earlswood,18.5193270007132,-33.8172810000997,"Gie Road, Sunridge, Parklands, City of Cape Town, Western Cape, 7441, South Africa"
707,Gie Central,18.5188250001808,-33.8136619995347,"127, Gie Road, Cape Town Ward 113, City of Cape Town, Western Cape, 7441, South Africa"
708,Hamptons,18.5139129999451,-33.8061690000278,"Gie Road, Cape Town Ward 107, City of Cape Town, Western Cape, 7441, South Africa"
709,Gie North,18.5116999993815,-33.8042079996296,"Gie Road, Cape Town Ward 107, City of Cape Town, Western Cape, 7441, South Africa"
710,Wandsworth,18.5076530007207,-33.8007560003422,"Sandown Road, Cape Town Ward 107, City of Cape Town, Western Cape, 7441, South Africa"
711,Century City,18.5063430004298,-33.8915539997488,"Century City, Century Way, Milnerton, City of Cape Town, Western Cape, 7446, South Africa"
712,Dumani,18.5374870002513,-33.8160830001625,"Dumani Road, Racing Park, Cape Town Ward 104, City of Cape Town, Western Cape, 7435, South Africa"
713,Hampstead,18.5028190001294,-33.8152029998298,"Parklands Main Road, Cape Town Ward 113, City of Cape Town, Western Cape, 7441, South Africa"
714,Woodlands,18.4974070001726,-33.8015599999614,"Bathurst Bend, Parklands, City of Cape Town, Western Cape, 7433, South Africa"
715,Braselton,18.4930719995473,-33.8025910011515,"Sandown Road, Parklands, City of Cape Town, Western Cape, 7433, South Africa"
719,Marine Circle,18.4778549993988,-33.8219060004263,"TotalEnergies, 2, Blaauwberg Road, Flamingo Vlei, Cape Town Ward 107, Cape Town, City of Cape Town, Western Cape, 7441, South Africa"
720,Seal,18.4721130008635,-33.8149850003849,"Otto du Plessis Drive, Bloubergstrand, Cape Town Ward 23, City of Cape Town, Western Cape, 7439, South Africa"
721,Shell,18.4699660003311,-33.8118299996998,"Otto du Plessis Drive, Bloubergstrand, Cape Town Ward 23, City of Cape Town, Western Cape, 7439, South Africa"
722,Perlemoen,18.4667140001647,-33.8074159994189,"Otto du Plessis Drive, Bloubergstrand, Cape Town Ward 23, City of Cape Town, Western Cape, 7433, South Africa"
723,Bokkombaai,18.4629589994527,-33.8035689993888,"Blouberg Heights, 2, Sir David Baird Drive, Bloubergstrand, Cape Town Ward 23, City of Cape Town, Western Cape, 7433, South Africa"
724,Kleinbaai,18.4603000002166,-33.7987500005278,"48, Sir David Baird Drive, Bloubergstrand, Cape Town Ward 23, City of Cape Town, Western Cape, 7433, South Africa"
725,De Mist,18.4595670004057,-33.7960699995608,"78, Sir David Baird Drive, Bloubergstrand, Cape Town Ward 23, City of Cape Town, Western Cape, 7433, South Africa"
734,Big Bay,18.4587639994136,-33.7927860004063,"Big Bay, Hang Ten Road, Bloubergstrand, Cape Town Ward 23, City of Cape Town, Western Cape, 7433, South Africa"
753,St Johns Wood,18.4980239991462,-33.8160230000568,"Parklands Main Road, Cape Town Ward 107, City of Cape Town, Western Cape, 7441, South Africa"
754,Echium,18.4937109996397,-33.8207389999268,"28, Raats Drive, Flamingo Vlei, Cape Town Ward 113, City of Cape Town, Western Cape, 7441, South Africa"
755,Briza,18.4910550004413,-33.8227429999711,"Raats Drive, Flamingo Vlei, Cape Town Ward 107, City of Cape Town, Western Cape, 7439, South Africa"
759,Parklands Main,18.5075619993502,-33.8131139995508,"Parklands Main Road, Cape Town Ward 107, City of Cape Town, Western Cape, 7441, South Africa"
760,Oakdale,18.5093959997861,-33.8117770000457,"Parklands Main Road, Cape Town Ward 113, City of Cape Town, Western Cape, 7441, South Africa"
761,Dorchester,18.5115269995731,-33.8099389994796,"Parklands Main Road, Cape Town Ward 113, City of Cape Town, Western Cape, 7441, South Africa"
762,Chippenham,18.5141919995952,-33.8071270003439,"Parklands Main Road, Cape Town Ward 107, City of Cape Town, Western Cape, 7441, South Africa"
763,Dartford,18.5203880001043,-33.803425000412,"Parklands Main Road, Cape Town Ward 107, City of Cape Town, Western Cape, 7441, South Africa"
764,Rivergate,18.5326270002013,-33.7979440000539,"Sandown Road, Riverside, Cape Town Ward 104, City of Cape Town, Western Cape, 7435, South Africa"
765,Morningfield,18.5215360007105,-33.8002680007224,"Parklands Main Road, Cape Town Ward 107, City of Cape Town, Western Cape, 7435, South Africa"
766,Stables Way,18.5402770002235,-33.8121989997422,"Potsdam Road, Racing Park, Cape Town Ward 104, City of Cape Town, Western Cape, 7435, South Africa"
771,Ngena,18.540583000419,-33.8179479995313,"Usasaza Street, Racing Park, Cape Town Ward 104, City of Cape Town, Western Cape, 7435, South Africa"
772,Siyabonga,18.5420879997945,-33.8152139999889,"Usasaza Street, Racing Park, Cape Town Ward 104, City of Cape Town, Western Cape, 7435, South Africa"
785,Grand Canal,18.5059120006001,-33.8941199999524,"Century Boulevard, Tijgerhof, Milnerton, City of Cape Town, Western Cape, 7446, South Africa"
786,Canal Walk South,18.510526000021,-33.8964820004323,"Century Boulevard, Milnerton, City of Cape Town, Western Cape, 7446, South Africa"
787,Canal Walk North,18.5152400000411,-33.8926839993627,"Century Boulevard, Milnerton, City of Cape Town, Western Cape, 7404, South Africa"
788,Waterford,18.5194269997343,-33.8890909999406,"Century Boulevard, Milnerton, City of Cape Town, Western Cape, 7404, South Africa"
789,Waterview,18.5202899992671,-33.8868539990876,"Century Boulevard, Cape Town Ward 55, Milnerton, City of Cape Town, Western Cape, 7404, South Africa"
790,Estuaries,18.5206060002768,-33.8844130007426,"Century Avenue, Cape Town Ward 55, Milnerton, City of Cape Town, Western Cape, 7404, South Africa"
791,Summer Greens,18.5245319999803,-33.8778490004376,"Bosmansdam Road, Summer Greens, Cape Town Ward 55, Milnerton, City of Cape Town, Western Cape, 7441, South Africa"
792,Vryburger South,18.5339249999883,-33.8724130003976,"Bosmansdam Road, Edgemead, Milnerton, City of Cape Town, Western Cape, 7238, South Africa"
793,Bothma,18.5335960004893,-33.8693789998497,"28, Vryburger Avenue, Edgemead, Milnerton, City of Cape Town, Western Cape, 7238, South Africa"
794,Oranje,18.5345860005086,-33.8651010002161,"58, Vryburger Avenue, Bothasig, Milnerton, City of Cape Town, Western Cape, 7238, South Africa"
796,Meerhof,18.5364639989673,-33.8543900003826,"Meerhof Street, Bothasig, Milnerton, City of Cape Town, Western Cape, 7238, South Africa"
797,Steenhoven,18.5390160011388,-33.852840999828,"De Grendel Avenue, Bothasig, Milnerton, City of Cape Town, Western Cape, 7238, South Africa"
798,Carmine,18.5414899993561,-33.8460930001214,"Tygerberg Valley Road, Burgundy Estate, Cape Town Ward 1, City of Cape Town, Western Cape, 7238, South Africa"
799,Cellars,18.5492320006305,-33.8419989999257,"Carmine Drive, Burgundy Estate, Cape Town Ward 1, City of Cape Town, Western Cape, 7238, South Africa"
800,Crimson,18.5494369995293,-33.8369310005318,"Carmine Drive, Burgundy Estate, Cape Town Ward 1, City of Cape Town, Western Cape, 7238, South Africa"
801,Indigo,18.5511640001715,-33.8325810001075,"Carmine Drive, Burgundy Estate, Cape Town Ward 1, City of Cape Town, Western Cape, 7238, South Africa"
802,Abalone,18.5467180002122,-33.8318480003255,"Annandale Drive, Cape Town Ward 1, City of Cape Town, Western Cape, 7238, South Africa"
803,Richwood,18.5419590000579,-33.8320590006807,"Richwood Road, Cape Town Ward 1, City of Cape Town, Western Cape, 7238, South Africa"
804,Midwood,18.543756000086,-33.8349120000808,"Midwood Avenue, Cape Town Ward 1, City of Cape Town, Western Cape, 7238, South Africa"
805,Jonkershoek,18.5439890003387,-33.8374379995887,"Jonkershoek Road, Cape Town Ward 1, City of Cape Town, Western Cape, 7238, South Africa"
806,Burgundy,18.5446560005216,-33.8422780007636,"Burgundy Drive, Burgundy Estate, Cape Town Ward 1, City of Cape Town, Western Cape, 7238, South Africa"
822,Jacob,18.5342900005449,-33.8709959998236,"Vryburger Avenue, Edgemead, Milnerton, City of Cape Town, Western Cape, 7238, South Africa"
831,Edgemead,18.5474190000147,-33.8709109995168,"Letchworth Drive, Edgemead, Milnerton, City of Cape Town, Western Cape, 7238, South Africa"
832,Greenhill,18.5414610001537,-33.8694250006379,"Bosmansdam Road, Edgemead, Milnerton, City of Cape Town, Western Cape, 7238, South Africa"
835,Cook,18.5396539991633,-33.8532340004396,"78, Steenoven Street, Bothasig, Milnerton, City of Cape Town, Western Cape, 7238, South Africa"
836,Batavia,18.5445350002503,-33.8551269997453,"Steenoven Street, Bothasig, Milnerton, City of Cape Town, Western Cape, 7238, South Africa"
837,Drommedaris,18.5505910011207,-33.8582809997469,"165, Vryburger Avenue, Bothasig, Milnerton, City of Cape Town, Western Cape, 7238, South Africa"
838,Holland,18.5439759998559,-33.8619730010464,"103, Vryburger Avenue, Bothasig, Milnerton, City of Cape Town, Western Cape, 7238, South Africa"
839,Rosendal,18.5399319997159,-33.8643630001172,"Boom Street, Bothasig, Milnerton, City of Cape Town, Western Cape, 7238, South Africa"
840,Amstel,18.5427730005318,-33.866833000898,"Coornhoop Street, Bothasig, Milnerton, City of Cape Town, Western Cape, 7238, South Africa"
841,Athol,18.3860879994731,-33.9494570007615,"Geneva Drive, Camps Bay, Cape Town Ward 54, Cape Town, City of Cape Town, Western Cape, 8005, South Africa"
842,Letchworth West,18.5446319997059,-33.8685310006853,"Letchworth Drive, Edgemead, Milnerton, City of Cape Town, Western Cape, 7238, South Africa"
846,Kildare,18.4959859992851,-33.8824919997021,"Koeberg Road, Woodbridge Island, Milnerton, City of Cape Town, Western Cape, 2251, South Africa"
854,Woodford,18.3850839996482,-33.9505079995378,"Geneva Drive, Camps Bay, Cape Town Ward 54, Cape Town, City of Cape Town, Western Cape, 8005, South Africa"
856,Greehhill,18.5402859992821,-33.8700840004473,"Bosmansdam Road, Edgemead, Milnerton, City of Cape Town, Western Cape, 7238, South Africa"
867,Hugenot Primary,18.641936999726,-34.0636330001107,"Huguenot Avenue, Tafelsig, Cape Town Ward 82, Mitchells Plain, City of Cape Town, Western Cape, 7785, South Africa"
868,Maureen,18.6454389986439,-34.06225299945,"Erica Way, Good Hope, Cape Town Ward 99, Khayelitsha, City of Cape Town, Western Cape, 7748, South Africa"
869,Martine,18.6480700004014,-34.0642420001715,"Erica Way, Good Hope, Cape Town Ward 99, Khayelitsha, City of Cape Town, Western Cape, 7748, South Africa"
870,Laura,18.6512280000158,-34.0641100002374,"Erica Way, Good Hope, Cape Town Ward 99, Khayelitsha, City of Cape Town, Western Cape, 7748, South Africa"
873,10th Avenue,18.6174680000079,-34.0419919995514,"Liberty Promenade Shopping Centre, A.Z. Berman Drive, Cape Town Ward 116, Mitchells Plain, City of Cape Town, Western Cape, 7785, South Africa"
876,Kilimanjaro,18.6384119994692,-34.0607020003297,"Langeberg Avenue, Tafelsig, Cape Town Ward 82, Mitchells Plain, City of Cape Town, Western Cape, 7785, South Africa"
877,Picketberg,18.6400599993993,-34.0597319998396,"Langeberg Avenue, Good Hope, Cape Town Ward 99, Mitchells Plain, City of Cape Town, Western Cape, 7785, South Africa"
878,Alma,18.6442839998685,-34.0593869996454,"Tafelberg Street, Good Hope, Cape Town Ward 99, Mitchells Plain, City of Cape Town, Western Cape, 7748, South Africa"
879,Nina,18.6471360006514,-34.0609519992381,"Tafelberg Street, Good Hope, Cape Town Ward 99, Khayelitsha, City of Cape Town, Western Cape, 7748, South Africa"
880,Stella,18.650888999468,-34.0624710004858,"Tafelberg Street, Good Hope, Cape Town Ward 99, Khayelitsha, City of Cape Town, Western Cape, 7748, South Africa"
887,Andes,18.635460999853,-34.0619609999693,"Kilimanjaro Street, Tafelsig, Cape Town Ward 82, Mitchells Plain, City of Cape Town, Western Cape, 7785, South Africa"
888,Ural,18.6315089996851,-34.0630310000685,"Paulsberg Street, Tafelsig, Cape Town Ward 82, Mitchells Plain, City of Cape Town, Western Cape, 7785, South Africa"
889,Olifantoos,18.6300199988962,-34.0604110001266,"Paulsberg Street, Tafelsig, Cape Town Ward 82, Mitchells Plain, City of Cape Town, Western Cape, 7785, South Africa"
890,Corridor,18.6282149996901,-34.0582079998065,"Tafelsig, Cape Town Ward 82, Mitchells Plain, City of Cape Town, Western Cape, 7785, South Africa"
891,Boabab,18.6267780004729,-34.0555100000418,"Katdoring Street, Eastridge, Cape Town Ward 79, Mitchells Plain, City of Cape Town, Western Cape, 7785, South Africa"
892,6th Avenue,18.6253840001655,-34.0526440004268,"Eastridge, Cape Town Ward 79, Mitchells Plain, City of Cape Town, Western Cape, 7785, South Africa"
896,10 Avenue,18.6174680000079,-34.0419919995514,"Liberty Promenade Shopping Centre, A.Z. Berman Drive, Cape Town Ward 116, Mitchells Plain, City of Cape Town, Western Cape, 7785, South Africa"
909,Clifton,18.3781339999022,-33.9335040005793,"Victoria Road, Clifton, Cape Town Ward 54, Cape Town, City of Cape Town, Western Cape, 8005, South Africa"
910,Clifton 2nd,18.3782850007298,-33.9370509995147,"63, Victoria Road, Clifton, Cape Town Ward 54, Cape Town, City of Cape Town, Western Cape, 8005, South Africa"
911,Clifton 3rd,18.3771490002746,-33.9401289997269,"Victoria Road, Clifton, Cape Town Ward 54, Cape Town, City of Cape Town, Western Cape, 8005, South Africa"
912,Clifton 4th,18.3755000001818,-33.9417730001698,"Victoria Road, Clifton, Cape Town Ward 54, Cape Town, City of Cape Town, Western Cape, 8005, South Africa"
913,Maidens Cove,18.3762849995792,-33.9442739997395,"Victoria Road, Clifton, Cape Town Ward 54, Cape Town, City of Cape Town, Western Cape, 8005, South Africa"
914,Glen Beach,18.3786329991531,-33.9470509995362,"Victoria Road, Camps Bay, Cape Town Ward 54, Cape Town, City of Cape Town, Western Cape, 8005, South Africa"
916,Whale Rock,18.3770750007771,-33.9532790005971,"Del Mar, 104, Victoria Road, Camps Bay, Cape Town Ward 54, Cape Town, City of Cape Town, Western Cape, 8005, South Africa"
917,Barley Bay,18.3772460007013,-33.958892000125,"127, Victoria Road, Camps Bay, Cape Town Ward 54, Cape Town, City of Cape Town, Western Cape, 8005, South Africa"
918,Bakoven,18.3736729991104,-33.962976999847,"Ocean View House, 33, Victoria Road, Camps Bay, Cape Town Ward 54, Cape Town, City of Cape Town, Western Cape, 8005, South Africa"
919,Koeel Bay,18.3713890006435,-33.9705009997223,"Victoria Road, Camps Bay, Cape Town Ward 54, Cape Town, City of Cape Town, Western Cape, 8005, South Africa"
920,Oudekraal,18.3509879998344,-33.9883709995068,"Victoria Road, Cape Town Ward 54, Cape Town, City of Cape Town, Western Cape, 8040, South Africa"
921,Llandudno,18.3475250010866,-34.0066500008933,"Victoria Road, Llandudno, Cape Town Ward 74, Cape Town, City of Cape Town, Western Cape, 7872, South Africa"
922,Mount Rhodes,18.3511980000198,-34.019586999714,"Victoria Road, Mount Rhodes, Cape Town Ward 74, Hout Bay, City of Cape Town, Western Cape, 7872, South Africa"
923,Ruyteplaats,18.3499690003786,-34.0133529997216,"Victoria Road, Mount Rhodes, Cape Town Ward 74, Cape Town, City of Cape Town, Western Cape, 7872, South Africa"
924,Helgarda,18.3496890014222,-34.0277110002855,"Victoria Road, Mount Rhodes, Cape Town Ward 74, Hout Bay, City of Cape Town, Western Cape, 7872, South Africa"
925,Daphne,18.3480539995445,-34.0326570008849,"Victoria Avenue, Victoria Street Commertial Zone, Cape Town Ward 74, Hout Bay, City of Cape Town, Western Cape, 7872, South Africa"
926,Lancaster,18.3492220003861,-34.0364200003515,"Victoria Avenue, Victoria Street Commertial Zone, Cape Town Ward 74, Hout Bay, City of Cape Town, Western Cape, 7872, South Africa"
927,Oxford Earl,18.3501250005025,-34.0399699997441,"Victoria Avenue, Victoria Street Commertial Zone, Cape Town Ward 74, Hout Bay, City of Cape Town, Western Cape, 7872, South Africa"
928,Lower Victoria,18.3505209993721,-34.0429359997867,"Victoria Avenue, Victoria Street Commertial Zone, Cape Town Ward 74, Hout Bay, City of Cape Town, Western Cape, 7872, South Africa"
929,Northshore,18.3480060001665,-34.0470150006963,"Harbour Road, The Spinnaker, Cape Town Ward 74, Hout Bay, City of Cape Town, Western Cape, 7872, South Africa"
930,Fishmarket,18.3454740005308,-34.0493229997571,"Harbour Road, The Spinnaker, Cape Town Ward 74, Hout Bay, City of Cape Town, Western Cape, 7872, South Africa"
931,Atlantic Skipper,18.3465420006577,-34.054782000266,"Atlantic Skipper Street, Cape Town Ward 74, Hout Bay, City of Cape Town, Western Cape, 7872, South Africa"
932,Oceana,18.345269999873,-34.0563380003299,"Atlantic Skipper Street, Cape Town Ward 74, Hout Bay, City of Cape Town, Western Cape, 7872, South Africa"
933,Hangberg,18.3420669993576,-34.0542399990613,"Marlin Crescent, Hout Bay Heights, Cape Town Ward 74, Hout Bay, City of Cape Town, Western Cape, 7872, South Africa"
935,Cassel,18.3811700004587,-33.9202499996229,"Beach Road, Cape Town Ward 54, Cape Town, City of Cape Town, Western Cape, 8005, South Africa"
936,Sea Point Pool,18.3851989994983,-33.9186490003524,"Beach Road, Cape Town Ward 54, Cape Town, City of Cape Town, Western Cape, 8005, South Africa"
939,London,18.3894979994485,-33.9112339999608,"Beach Road, Cape Town Ward 54, Cape Town, City of Cape Town, Western Cape, 8005, South Africa"
940,Promenade,18.3921329999352,-33.9095059994396,"Beach Road, Cape Town Ward 54, Cape Town, City of Cape Town, Western Cape, 8005, South Africa"
941,Rocklands,18.3946219994925,-33.9080609995827,"Beach Road, Three Anchor Bay, Cape Town, City of Cape Town, Western Cape, 8005, South Africa"
954,Koosani,18.379502000509,-33.9244340002668,"21, Victoria Road, Bantry Bay, Cape Town Ward 54, Cape Town, City of Cape Town, Western Cape, 8005, South Africa"
955,Bantry Bay,18.3789920009082,-33.926478999148,"34, Victoria Road, Bantry Bay, Cape Town Ward 54, Cape Town, City of Cape Town, Western Cape, 8005, South Africa"
985,Oasis,18.5098329995343,-33.8894800000802,"Century Way, Milnerton, City of Cape Town, Western Cape, 7404, South Africa"
986,Bridgeway,18.5036480004584,-33.8956119993037,"Bridge Way, Milnerton, City of Cape Town, Western Cape, 7446, South Africa"
988,Central Park,18.5116960002131,-33.8869250000752,"Century Way, Milnerton, City of Cape Town, Western Cape, 7404, South Africa"
990,Waterstone,18.5145089998559,-33.8851720002563,"Century Boulevard, Milnerton, City of Cape Town, Western Cape, 7404, South Africa"
993,Studio,18.5177329998493,-33.8845560006745,"Century Boulevard, Cape Town Ward 55, Milnerton, City of Cape Town, Western Cape, 7404, South Africa"
1012,Upper Buitenkant,18.4186630005504,-33.9367220004901,"Upper Buitenkant Street, Cape Town Ward 77, Cape Town, City of Cape Town, Western Cape, 8001, South Africa"
1013,Highlands,18.4189149999279,-33.940904999752,"Upper Buitenkant Street, Cape Town Ward 77, Cape Town, City of Cape Town, Western Cape, 8001, South Africa"
1014,Herzlia,18.4208429992853,-33.9419969996503,"Highlands Avenue, Cape Town Ward 77, Cape Town, City of Cape Town, Western Cape, 8001, South Africa"
1015,Exner,18.4232510004571,-33.9410169999919,"Exner Avenue, Cape Town Ward 77, Cape Town, City of Cape Town, Western Cape, 8001, South Africa"
1016,Wexford,18.4259730006017,-33.9409189997799,"Davenport Road, Cape Town Ward 77, Cape Town, City of Cape Town, Western Cape, 8001, South Africa"
1017,St James,18.4284200003064,-33.939377000431,"1, Saint James Street, Cape Town Ward 77, Cape Town, City of Cape Town, Western Cape, 8001, South Africa"
1018,Gardenia,18.4283309990935,-33.9368350005416,"24, Gardenia Avenue, Deuvil's Peak Estate, Cape Town Ward 77, Cape Town, City of Cape Town, Western Cape, 8001, South Africa"
1019,Nazareth,18.4253690008965,-33.9361270008092,"130, Upper Mill Street, Deuvil's Peak Estate, Cape Town Ward 77, Cape Town, City of Cape Town, Western Cape, 8001, South Africa"
1032,Comrie,18.3878269995414,-33.9488820002927,"96, Geneva Drive, Camps Bay, Cape Town Ward 54, Cape Town, City of Cape Town, Western Cape, 8005, South Africa"
1033,Prima,18.3871390007401,-33.9551230006133,"Prima Avenue, Camps Bay, Cape Town Ward 54, Cape Town, City of Cape Town, Western Cape, 8005, South Africa"
1034,Platteklip,18.3871739992387,-33.9565079996607,"Ravensteyn Road, Camps Bay, Cape Town Ward 54, Cape Town, City of Cape Town, Western Cape, 8005, South Africa"
1035,Horak,18.386005999324,-33.9583160006007,"Ravensteyn Road, Camps Bay, Cape Town Ward 54, Cape Town, City of Cape Town, Western Cape, 8005, South Africa"
1038,Fiskaal,18.3827039998063,-33.9587340007121,"Camps Bay Drive, Camps Bay, Cape Town Ward 54, Cape Town, City of Cape Town, Western Cape, 8005, South Africa"
1039,Chas Booth,18.3819240002869,-33.9603780002396,"3, Chas Booth Avenue, Camps Bay, Cape Town Ward 54, Cape Town, City of Cape Town, Western Cape, 8005, South Africa"
1040,Susan,18.3809259992674,-33.9638210004535,"Chas Booth Avenue, Camps Bay, Cape Town Ward 54, Cape Town, City of Cape Town, Western Cape, 8005, South Africa"
1041,Rontree,18.3799589999031,-33.9632829988968,"Rontree Avenue, Camps Bay, Cape Town Ward 54, Cape Town, City of Cape Town, Western Cape, 8005, South Africa"
1042,Houghton,18.3785250000401,-33.9599109997722,"82, Camps Bay Drive, Camps Bay, Cape Town Ward 54, Cape Town, City of Cape Town, Western Cape, 8005, South Africa"
1043,Lower Camps Bay,18.3777450006163,-33.9555279996372,"Camps Bay Drive, Camps Bay, Cape Town Ward 54, Cape Town, City of Cape Town, Western Cape, 8005, South Africa"
1058,Lindela,18.6974330004733,-34.0571319999688,"Kuyasa, Cape Town Ward 97, Khayelitsha, City of Cape Town, Western Cape, 7784, South Africa"
1059,Dibana,18.6988289997524,-34.0504529996477,"Lindela Street, Umrhabulo Triangle (Makhaza), Cape Town Ward 95, City of Cape Town, Western Cape, 7784, South Africa"
1060,Tutu,18.6979350002297,-34.0469200005451,"Japhta K. Masemola Road, Silvertown - Khayelitsha, Cape Town Ward 97, Khayelitsha, City of Cape Town, Western Cape, 7784, South Africa"
1061,D Nyembe,18.692528000352,-34.045166999752,"Japhta K. Masemola Road, Silvertown - Khayelitsha, Cape Town Ward 93, Khayelitsha, City of Cape Town, Western Cape, 7784, South Africa"
1062,Steve Biko,18.6857860000504,-34.0437509993334,"Japhta K. Masemola Road, Silvertown - Khayelitsha, Cape Town Ward 93, Khayelitsha, City of Cape Town, Western Cape, 7784, South Africa"
1063,Charles Mokoena,18.6832789999844,-34.0410499991732,"Japhta K. Masemola Road, Silvertown - Khayelitsha, Cape Town Ward 93, Khayelitsha, City of Cape Town, Western Cape, 7784, South Africa"
1064,Vuyani,18.6806680001616,-34.0373739996781,"Spine Road, Silvertown - Khayelitsha, Cape Town Ward 93, Khayelitsha, City of Cape Town, Western Cape, 7784, South Africa"
1109,Three Anchor Bay,18.3983729997728,-33.9050849993603,"du Barry, 171, Beach Road, Mouille Point, Cape Town Ward 115, Cape Town, City of Cape Town, Western Cape, 8005, South Africa"
1110,Lighthouse,18.4023039992292,-33.9009170003327,"Westridge, 93, Beach Road, Mouille Point, Cape Town Ward 115, Cape Town, City of Cape Town, Western Cape, 8005, South Africa"
1111,Surrey,18.405254000339,-33.9000589998962,"East West, 51, Beach Road, Mouille Point, Cape Town Ward 115, Cape Town, City of Cape Town, Western Cape, 8005, South Africa"
1112,Mouille Point,18.4086170006441,-33.8996609992446,"Seaways, 31, Beach Road, Mouille Point, Cape Town Ward 115, Cape Town, City of Cape Town, Western Cape, 8005, South Africa"
1113,Granger,18.4129560003729,-33.9013029999365,"The Waterclub, Beach Road, Mouille Point, Cape Town Ward 115, Cape Town, City of Cape Town, Western Cape, 8001, South Africa"
1114,Noble Square,18.4194059999518,-33.9055429998105,"Dock Road, Foreshore, Cape Town Ward 115, Cape Town, City of Cape Town, Western Cape, 8001, South Africa"
1115,Aquarium,18.4169960006153,-33.9077149992754,"Dock Road, Foreshore, Cape Town Ward 115, Cape Town, City of Cape Town, Western Cape, 8001, South Africa"
1116,Marina,18.4208809992531,-33.9113889989995,"Dock Road, Foreshore, Cape Town Ward 115, Cape Town, City of Cape Town, Western Cape, 8001, South Africa"
1117,Amsterdam,18.4230520002641,-33.9123590004858,"Dock Road, Foreshore, Cape Town Ward 115, Cape Town, City of Cape Town, Western Cape, 8001, South Africa"
1139,CPUT,18.4307110000758,-33.9296909999239,"Hanover Street, Cape Town Ward 77, Cape Town, City of Cape Town, Western Cape, 7925, South Africa"
1140,District Six,18.4352079995233,-33.931468999034,"Hanover Street, Cape Town Ward 77, Cape Town, City of Cape Town, Western Cape, 7925, South Africa"
1141,Zonnebloem,18.4387299998277,-33.9330900002417,"Hanover Street, Cape Town Ward 77, Cape Town, City of Cape Town, Western Cape, 7925, South Africa"
1142,Coronation West,18.4431889992945,-33.934494000662,"17, Coronation Road, Walmer Estate, Cape Town Ward 57, Cape Town, City of Cape Town, Western Cape, 7925, South Africa"
1143,Coronation East,18.4469580000615,-33.9348339996708,"68, Coronation Road, Walmer Estate, Cape Town Ward 57, Cape Town, City of Cape Town, Western Cape, 7925, South Africa"
1144,Upper Mountain,18.4489979995459,-33.9360439998721,"50, Upper Mountain Road, University Estate, Walmer Estate, Cape Town Ward 57, Cape Town, City of Cape Town, Western Cape, 7925, South Africa"
1145,Upper Roodebloem,18.4510610003701,-33.9375940003336,"Oasis House, 96, Upper Roodebloem Road, University Estate, Cape Town Ward 57, Cape Town, City of Cape Town, Western Cape, 7925, South Africa"
1146,Balfour,18.4516380008719,-33.9347480000674,"105A, Roodebloem Road, Cape Town Ward 57, Cape Town, City of Cape Town, Western Cape, 7925, South Africa"
1147,Lawley,18.4529220004481,-33.9318329999772,"Roodebloem Building, 43, Roodebloem Road, Woodstock, Cape Town, City of Cape Town, Western Cape, 7925, South Africa"
1148,Upper Salt River,18.4572700000171,-33.9300039998017,"64, Salt River Road, Woodstock, Cape Town, City of Cape Town, Western Cape, 7925, South Africa"
1149,Kent,18.4588539997053,-33.9289230005272,"Salt River Road, Cape Town Ward 115, Cape Town, City of Cape Town, Western Cape, 7925, South Africa"
1150,Spencer,18.4648140001766,-33.9293300003734,"Spencer Road, Cape Town Ward 115, Cape Town, City of Cape Town, Western Cape, 7925, South Africa"
1151,Salt River Rail,18.4643640000447,-33.9276580004361,"Foundry Road, Cape Town Ward 115, Cape Town, City of Cape Town, Western Cape, 7925, South Africa"
1153,Hanover Street,18.4281050005458,-33.9280229997121,"Hanover Street, Cape Town Ward 115, Cape Town, City of Cape Town, Western Cape, 7925, South Africa"
1154,The Castle,18.4256139997009,-33.9263069992623,"Darling Street, Foreshore, Cape Town Ward 115, Cape Town, City of Cape Town, Western Cape, 7925, South Africa"
1158,Chester East,18.446571999528,-33.9355369988898,"104, Chester Road, Walmer Estate, Cape Town Ward 57, Cape Town, City of Cape Town, Western Cape, 7925, South Africa"
1167,Chester West,18.4416050001559,-33.9342430000581,"33, Chester Road, Walmer Estate, Cape Town Ward 57, Cape Town, City of Cape Town, Western Cape, 7925, South Africa"
1181,Van Riebeeck,18.4100060011514,-33.93390300007,"9, Camp Street, Cape Town Ward 77, Cape Town, City of Cape Town, Western Cape, 8001, South Africa"
1200,St Bedes,18.3994509992191,-33.9104439998065,"High Level Road, Cape Town Ward 115, Cape Town, City of Cape Town, Western Cape, 8005, South Africa"
1201,Ravenscraig,18.4037319998953,-33.9104329998012,"Vesper Apartments, 100A, High Level Road, Cape Town Ward 115, Cape Town, City of Cape Town, Western Cape, 8005, South Africa"
1202,Ben Nevis,18.4067709992137,-33.9106110000142,"High Level Road, Cape Town Ward 115, Cape Town, City of Cape Town, Western Cape, 8005, South Africa"
1203,Skye Way,18.4088560000324,-33.9110099999101,"Alma Court, 39, High Level Road, Green Point, Cape Town, City of Cape Town, Western Cape, 8005, South Africa"
1204,High Level,18.4122349998308,-33.9121960003265,"High Level Road, Cape Town Ward 115, Cape Town, City of Cape Town, Western Cape, 8005, South Africa"
1205,Old Fire Station,18.4168319998523,-33.9172249993746,"Ground Art Caffe, 160, Strand Street, De Waterkant, Cape Town Ward 115, Cape Town, City of Cape Town, Western Cape, 8001, South Africa"
1210,Disandt,18.3858519995434,-33.9228439997626,"3, Avenue Disandt, Fresnaye, Cape Town Ward 54, Cape Town, City of Cape Town, Western Cape, 8005, South Africa"
1211,Fresnaye,18.3884360004615,-33.9219359997088,"228, High Level Road, Fresnaye, Cape Town Ward 54, Cape Town, City of Cape Town, Western Cape, 8005, South Africa"
1212,Irwinton,18.3895649997141,-33.9203239995644,"222E, High Level Road, Fresnaye, Cape Town Ward 54, Cape Town, City of Cape Town, Western Cape, 8005, South Africa"
1213,The Glen,18.3918130005202,-33.917435999998,"Glen Lodge, 214, High Level Road, Cape Town Ward 54, Cape Town, City of Cape Town, Western Cape, 8005, South Africa"
1214,Albany,18.3933610000397,-33.9155479999136,"210, High Level Road, Cape Town Ward 54, Cape Town, City of Cape Town, Western Cape, 8005, South Africa"
1215,Rhine,18.3955059994918,-33.9129339998051,"186, High Level Road, Cape Town Ward 54, Cape Town, City of Cape Town, Western Cape, 8005, South Africa"
1232,Kloof,18.3834340000367,-33.9242350003251,"The Clarendon Fresnaye Boutique Hotel, 67, Kloof Road, Fresnaye, Cape Town Ward 54, Cape Town, City of Cape Town, Western Cape, 8005, South Africa"
1233,Brevity Lane,18.3819020000422,-33.9244209996123,"31, Queens Road, Cape Town Ward 54, Cape Town, City of Cape Town, Western Cape, 8005, South Africa"
1243,Plattekloof,18.3871739992387,-33.9565079996607,"Ravensteyn Road, Camps Bay, Cape Town Ward 54, Cape Town, City of Cape Town, Western Cape, 8005, South Africa"
1259,Dal,18.3918210002629,-33.9469149999736,"Camps Bay Drive, The Glen, Cape Town Ward 54, Cape Town, City of Cape Town, Western Cape, 8005, South Africa"
1260,Kloof Nek,18.3947930005458,-33.9420790004768,"Kloof Nek Circle, Cape Town Ward 77, Cape Town, City of Cape Town, Western Cape, 8040, South Africa"
1261,Cotswold,18.4018710006202,-33.9352719991025,"Kloof Nek Road, Cape Town Ward 77, Cape Town, City of Cape Town, Western Cape, 8001, South Africa"
1262,St Michael's,18.4046990003316,-33.9329010007267,"Kloof Nek Road, Cape Town Ward 77, Cape Town, City of Cape Town, Western Cape, 8001, South Africa"
1263,Belle Ombre,18.4069030004048,-33.9308979996104,"22, Kloof Nek Road, Cape Town Ward 77, Cape Town, City of Cape Town, Western Cape, 8001, South Africa"
1264,Ludwig's Garden,18.410099999529,-33.9304250004867,"Kloof Nek Road, Cape Town Ward 115, Cape Town, City of Cape Town, Western Cape, 8001, South Africa"
1273,Waterfront Silo,18.4235400011664,-33.9094070002069,"Virgin Active, South Arm Road, Waterfront, Cape Town Ward 115, Cape Town, City of Cape Town, Western Cape, 8001, South Africa"
1332,Janssens,18.5013710001693,-33.8280930000079,"Janssens, Blaauwberg Road, Flamingo Vlei, Cape Town Ward 113, City of Cape Town, Western Cape, 7441, South Africa"
1333,Circle East,18.5142150001529,-33.8316039994055,"Wood, Blaauwberg Road, Sunridge, Table View, City of Cape Town, Western Cape, 7441, South Africa"
1334,Potsdam,18.5261649992255,-33.8333139999836,"Potsdam Road, Sunridge, Cape Town Ward 113, Cape Town, City of Cape Town, Western Cape, 7441, South Africa"
1335,Killarney,18.5309619991107,-33.8239569990617,"Potsdam Road, Cape Town Ward 113, City of Cape Town, Western Cape, 7441, South Africa"
1336,Dunoon,18.5370169996157,-33.8158320001019,"Racing Park, Cape Town Ward 104, City of Cape Town, Western Cape, 7435, South Africa"
1337,Usasaza,18.5397810003343,-33.8127060001774,"Potsdam Road, Racing Park, Cape Town Ward 104, City of Cape Town, Western Cape, 7435, South Africa"
1338,Grey,18.4966279995796,-33.8268199999645,"Grey, Blaauwberg Road, Flamingo Vlei, Cape Town Ward 113, City of Cape Town, Western Cape, 7441, South Africa"
1339,Milnerton,18.4955079993025,-33.8719439998306,"Milnerton, Otto du Plessis Drive, Sunset Links, Milnerton, City of Cape Town, Western Cape, 2251, South Africa"
1340,Woodbridge,18.4913260000402,-33.8833109999647,"Woodbridge, Marine Drive, Woodbridge Island, Milnerton, City of Cape Town, Western Cape, 2251, South Africa"
1341,Lagoon Beach,18.4854010002602,-33.8916320003603,"Lagoon Beach, Marine Drive, Metro, Cape Town Ward 55, Milnerton, City of Cape Town, Western Cape, 7425, South Africa"
1342,Zoarvlei,18.4808459992055,-33.9007620007624,"Zoarvlei, West Coast Cycle Path, Metro, Cape Town Ward 55, Cape Town, City of Cape Town, Western Cape, 7425, South Africa"
1343,Vrystaat,18.4765550002174,-33.9072950000173,"Vrystaat, West Coast Cycle Path, Metro, Cape Town Ward 55, Cape Town, City of Cape Town, Western Cape, 7425, South Africa"
1344,Section,18.4725419989822,-33.9118649995669,"Section, West Coast Cycle Path, Cape Town Ward 115, Cape Town, City of Cape Town, Western Cape, 7425, South Africa"
1345,Neptune,18.469768000397,-33.915004000258,"Neptune, West Coast Cycle Path, Cape Town Ward 115, Cape Town, City of Cape Town, Western Cape, 7295, South Africa"
1346,Paarden Eiland,18.4671549996032,-33.917894000509,"Paarden Eiland, Nereide Street, Cape Town Ward 115, Cape Town, City of Cape Town, Western Cape, 7295, South Africa"
1347,Woodstock,18.4464840006556,-33.9231180002829,"West Coast Cycle Path, Foreshore, Woodstock, Cape Town, City of Cape Town, Western Cape, 7925, South Africa"
1348,Thibault Square,18.4241670005728,-33.91876699988,"Thibault Square, Hans Strijdom Avenue, Cape Town Ward 115, Cape Town, City of Cape Town, Western Cape, 8001, South Africa"
1349,Stadium,18.4122939998315,-33.9080959994602,"Stadium, Portswood Road, Cape Town Ward 115, Cape Town, City of Cape Town, Western Cape, 8005, South Africa"
1350,Granger Bay,18.4148659999743,-33.9044769995946,"Granger Bay Boulevard, Cape Town Ward 115, Cape Town, City of Cape Town, Western Cape, 8005, South Africa"
1384,Valderrama,18.4898749997672,-33.8100240001545,"51, Sunningdale Drive, Cape Town Ward 107, City of Cape Town, Western Cape, 7433, South Africa"
1385,Garden,18.4928600000654,-33.814228999017,"Garden Drive, Sunningdale, City of Cape Town, Western Cape, 7441, South Africa"
1390,Tritonia,18.4783480005035,-33.8207439997118,"Marine Circle, Flamingo Vlei, Cape Town Ward 107, City of Cape Town, Western Cape, 7439, South Africa"
1391,Viola,18.4793879996697,-33.8184869990632,"Viola Road, Bloubergrant, Cape Town Ward 23, City of Cape Town, Western Cape, 7439, South Africa"
1392,Blouberg Rise,18.4784449999879,-33.8142460001453,"Watsonia Road, Bloubergrant, Cape Town Ward 23, City of Cape Town, Western Cape, 7439, South Africa"
1393,Stirling,18.4764989994824,-33.812887000371,"Watsonia Road, Bloubergrant, Cape Town Ward 23, City of Cape Town, Western Cape, 7439, South Africa"
1394,West Beach,18.4784919999585,-33.8107559999804,"10, Warwick Road, Bloubergrant, Cape Town Ward 23, City of Cape Town, Western Cape, 7433, South Africa"
1395,Cabin,18.4781879992302,-33.8082750002474,"20, Sandown Road, Bloubergrant, Cape Town Ward 23, City of Cape Town, Western Cape, 7433, South Africa"
1396,Blouberg Sands,18.4758410003397,-33.8042649998167,"Blouberg Sands, Sandown Road, Bloubergrant, Cape Town Ward 23, City of Cape Town, Western Cape, 7433, South Africa"
1397,Radar,18.4783139998314,-33.7999050002363,"100, Sandown Road, Blouberg Rise, Cape Town Ward 23, City of Cape Town, Western Cape, 7433, South Africa"
1398,Tryall,18.4839869994971,-33.7975049990293,"Tryall Road, Cape Town Ward 107, City of Cape Town, Western Cape, 7433, South Africa"
1399,Oakland Hills,18.48662600032,-33.799775000269,"91, Sunningdale Drive, Cape Town Ward 107, City of Cape Town, Western Cape, 7433, South Africa"
1415,Link,18.4969480001244,-33.8160150004131,"Link Road, Parklands, City of Cape Town, Western Cape, 7441, South Africa"
1420,Braseltown,18.49261900041,-33.8027459998762,"Sandown Road, Cape Town Ward 107, City of Cape Town, Western Cape, 7433, South Africa"
1451,Ravenswood,18.5047329995386,-33.809922998955,"Wood Drive, Cape Town Ward 107, City of Cape Town, Western Cape, 7441, South Africa"
1476,Melkbosch,18.4523679999288,-33.7250150002965,"Melkbosch Village, Cape Town Ward 23, Melkbosstrand, City of Cape Town, Western Cape, South Africa"
1478,Marine,18.460512999517,-33.7924629998319,"Otto du Plessis Drive, Bloubergstrand, Cape Town Ward 23, City of Cape Town, Western Cape, 7433, South Africa"
1479,Water's Edge,18.4566379995575,-33.788749999924,"Otto du Plessis Drive, Bloubergstrand, Cape Town Ward 23, City of Cape Town, Western Cape, 7433, South Africa"
1480,La Paloma,18.4523870006417,-33.7815990008906,"Otto du Plessis Drive, Cape Town Ward 23, City of Cape Town, Western Cape, 7433, South Africa"
1481,Hol Bay,18.4422530002222,-33.7463820000968,"Otto du Plessis Drive, Cape Town Ward 23, City of Cape Town, Western Cape, South Africa"
1482,Melbosstrand,18.4423630005377,-33.7308330005426,"Melkbosstrand, Otto du Plessis Drive, Cape Town Ward 23, Melkbosstrand, City of Cape Town, Western Cape, South Africa"
1501,Waratah,18.4560109998981,-33.7358130008295,"Birkenhead Drive, Cape Town Ward 23, City of Cape Town, Western Cape, South Africa"
1502,Atalantes,18.4474620006133,-33.7234839998526,"Otto du Plessis Drive, Cape Town Ward 23, Melkbosstrand, City of Cape Town, Western Cape, South Africa"
1503,Robben,18.4456739997246,-33.7169140001237,"Otto du Plessis Drive, Cape Town Ward 23, Melkbosstrand, City of Cape Town, Western Cape, South Africa"
1504,Hoffe South,18.4462870006566,-33.7112980001221,"Otto du Plessis Drive, Cape Town Ward 23, Melkbosstrand, City of Cape Town, Western Cape, South Africa"
1505,Riebeeckstrand,18.4442969998128,-33.7056660003302,"Charles Hoffe Avenue, Van Riebeeckstrand, Cape Town Ward 23, City of Cape Town, Western Cape, South Africa"
1506,Pelican,18.4437549998054,-33.7015820008546,"Charles Hoffe Avenue, Van Riebeeckstrand, Cape Town Ward 23, City of Cape Town, Western Cape, South Africa"
1507,Hoffe North,18.4418520000673,-33.6969909996144,"Charles Hoffe Avenue, Van Riebeeckstrand, Cape Town Ward 23, City of Cape Town, Western Cape, South Africa"
1508,Dunker,18.4427619995269,-33.6937439994174,"Otto du Plessis Drive, Van Riebeeckstrand, Cape Town Ward 23, City of Cape Town, Western Cape, South Africa"
1509,Edward,18.4427140000001,-33.6917659999599,"Otto du Plessis Drive, Van Riebeeckstrand, Cape Town Ward 23, City of Cape Town, Western Cape, South Africa"
1510,Narcissus,18.4444239999147,-33.6901650004093,"17, Narcissus Avenue, Duynefontein, Cape Town Ward 23, City of Cape Town, Western Cape, South Africa"
1511,Human,18.448459999412,-33.6876570006353,"Napoleon Avenue, Duynefontein, Cape Town Ward 23, City of Cape Town, Western Cape, South Africa"
1512,Kemp,18.4521959999311,-33.6852860006524,"Kemp Crescent, Duynefontein, Cape Town Ward 23, City of Cape Town, Western Cape, South Africa"
1514,Le Sueur,18.4548519998714,-33.687031000516,"Napoleon Avenue, Duynefontein, Cape Town Ward 23, City of Cape Town, Western Cape, South Africa"
1515,Losperds,18.4528020005997,-33.6899140003447,"Napoleon Avenue, Duynefontein, Cape Town Ward 23, City of Cape Town, Western Cape, South Africa"
1516,Petrus,18.4502150006944,-33.6922400007736,"Petrus Crescent, Duynefontein, Cape Town Ward 23, City of Cape Town, Western Cape, South Africa"
1517,Raymond,18.4477820002513,-33.692553999351,"Van Riebeeckstrand, Cape Town Ward 23, City of Cape Town, Western Cape, South Africa"
1518,Waldeck,18.445559999748,-33.6945150003067,"5, Atlantic Avenue, Van Riebeeckstrand, Cape Town Ward 23, City of Cape Town, Western Cape, South Africa"
1535,John Dreyer,18.4916199999347,-33.5877789998323,"Neil Hare Road, Atlantis Industrial, Cape Town Ward 32, Atlantis, City of Cape Town, Western Cape, 7437, South Africa"
1536,Johan Heyns,18.4897020006063,-33.5925299998885,"Neil Hare Road, Atlantis Industrial, Cape Town Ward 32, Atlantis, City of Cape Town, Western Cape, 7437, South Africa"
1537,Industrial,18.4841139992816,-33.5967430000808,"Neil Hare Road, Atlantis Industrial, Cape Town Ward 32, Atlantis, City of Cape Town, Western Cape, 7437, South Africa"
1538,Charles Piers,18.4812550010168,-33.5991310000482,"Neil Hare Road, Atlantis Industrial, Cape Town Ward 32, Atlantis, City of Cape Town, Western Cape, 7437, South Africa"
1539,Louwtjie Rothman,18.4789530006831,-33.5975770005762,"William Gourlay Street, Atlantis Industrial, Cape Town Ward 32, Atlantis, City of Cape Town, Western Cape, 7437, South Africa"
1561,Kunene,18.5125919997023,-33.8630590004036,"Omuramba Road, Marconi Beam, Milnerton, City of Cape Town, Western Cape, 7447, South Africa"
1562,Dawn,18.5177519996852,-33.8551389996809,"Montague Drive, Montague Gardens, Cape Town Ward 4, Milnerton, City of Cape Town, Western Cape, 7441, South Africa"
1563,Esso,18.5213279993004,-33.8584839996353,"Montague Drive, Montague Gardens, Cape Town Ward 4, Milnerton, City of Cape Town, Western Cape, 7441, South Africa"
1564,First,18.5213200005287,-33.8620119999056,"Cowley Exhaust Systems, unit 2, Montague Drive, Montague Gardens, Cape Town Ward 4, Milnerton, City of Cape Town, Western Cape, 7441, South Africa"
1565,Marconi,18.5196549990717,-33.8655150003061,"Montague Drive, Montague Gardens, Cape Town Ward 4, Milnerton, City of Cape Town, Western Cape, 7441, South Africa"
1566,Bolt,18.5180669999902,-33.8681379995475,"Montague Drive, Joe Slovo Park, Cape Town Ward 4, Milnerton, City of Cape Town, Western Cape, 7441, South Africa"
1567,Drill,18.5190560004666,-33.8732289995691,"Montague Drive, Joe Slovo Park, Cape Town Ward 4, Milnerton, City of Cape Town, Western Cape, 7441, South Africa"
1568,Bosmansdam,18.5208869996638,-33.8784569998705,"Montague Drive, Summer Greens, Cape Town Ward 4, Milnerton, City of Cape Town, Western Cape, 7441, South Africa"
1585,Montague Gardens,18.5159960000393,-33.8554670001728,"Koeberg Road, Milnerton Ridge, Milnerton, City of Cape Town, Western Cape, 7447, South Africa"
1620,Sanddrift,18.5104089994598,-33.8837259993046,"Ratanga Road, Sanddrift, Milnerton, City of Cape Town, Western Cape, 7404, South Africa"
1621,Phoenix,18.5129279999411,-33.8723870007131,"Omuramba Road, Marconi Beam, Milnerton, City of Cape Town, Western Cape, 7447, South Africa"
1623,Refinery,18.5203000009037,-33.8486609998594,"Koeberg Road, Montague Gardens, Cape Town Ward 4, Cape Town, City of Cape Town, Western Cape, 7441, South Africa"
1629,Turf Club,18.5111290000048,-33.8626109999293,"Koeberg Road, Marconi Beam, Milnerton, City of Cape Town, Western Cape, 7447, South Africa"
1631,Sandrift,18.510278000472,-33.883717999944,"Ratanga Road, Sanddrift, Milnerton, City of Cape Town, Western Cape, 7404, South Africa"
1742,Valley,18.3509859998886,-34.0304760004454,"Victoria Road, Kronendal Retirement Village, Cape Town Ward 74, Hout Bay, City of Cape Town, Western Cape, 7872, South Africa"
1743,Imizamo Yethu,18.3556970000723,-34.0299109998565,"Victoria Road, Kronendal Retirement Village, Cape Town Ward 74, Hout Bay, City of Cape Town, Western Cape, 7872, South Africa"
1744,Berg-en-Dal,18.3571790000445,-34.0366619995896,"Main Road, Berg-en Dal Estate, Cape Town Ward 74, Hout Bay, City of Cape Town, Western Cape, 7872, South Africa"
1745,Scott,18.3587990008604,-34.0395460001202,"Main Road, Berg-en Dal Estate, Cape Town Ward 74, Hout Bay, City of Cape Town, Western Cape, 7872, South Africa"
1746,Military,18.3593710004389,-34.0426450002502,"Mainstream, Main Road, Berg-en Dal Estate, Cape Town Ward 74, Hout Bay, City of Cape Town, Western Cape, 7872, South Africa"
1747,Hout Bay,18.3590409999789,-34.0453169989277,"The Promenade, Hanging Meadow, Cape Town Ward 74, Hout Bay, City of Cape Town, Western Cape, 7872, South Africa"
1808,Airport,18.5952159993637,-33.969176000184,"Airport Ring Road, Cape Town Ward 24, City of Cape Town, Western Cape, 7579, South Africa"
